"StartTime","RequestType","Latency","ResponseCode"
"1646423078501","POST","269","500"
"1646423078507","POST","263","500"
"1646423079400","POST","333","500"
"1646423079313","POST","403","500"
"1646423079468","POST","266","500"
"1646423079353","POST","381","500"
"1646423079311","POST","423","500"
"1646423079378","POST","355","500"
"1646423079387","POST","346","500"
"1646423079446","POST","274","500"
"1646423078488","POST","286","500"
"1646423079379","POST","352","500"
"1646423079389","POST","342","500"
"1646423079349","POST","371","500"
"1646423079354","POST","378","500"
"1646423079366","POST","368","500"
"1646423079353","POST","363","500"
"1646423078489","POST","302","500"
"1646423079468","POST","250","500"
"1646423079484","POST","245","500"
"1646423079302","POST","412","500"
"1646423079408","POST","323","500"
"1646423079321","POST","396","500"
"1646423078505","POST","274","500"
"1646423079348","POST","367","500"
"1646423078489","POST","302","500"
"1646423079310","POST","407","500"
"1646423079491","POST","241","500"
"1646423078489","POST","298","500"
"1646423079351","POST","382","500"
"1646423079419","POST","316","500"
"1646423078489","POST","302","500"
"1646423079490","POST","240","500"
"1646423079366","POST","364","500"
"1646423079355","POST","362","500"
"1646423079367","POST","352","500"
"1646423079310","POST","423","500"
"1646423079399","POST","329","500"
"1646423079389","POST","341","500"
"1646423078492","POST","276","500"
"1646423078488","POST","302","500"
"1646423079309","POST","420","500"
"1646423079367","POST","366","500"
"1646423079491","POST","240","500"
"1646423078491","POST","296","500"
"1646423079322","POST","407","500"
"1646423079316","POST","399","500"
"1646423079453","POST","265","500"
"1646423078481","POST","294","500"
"1646423079352","POST","367","500"
"1646423078489","POST","294","500"
"1646423079360","POST","356","500"
"1646423079465","POST","267","500"
"1646423078491","POST","287","500"
"1646423079378","POST","341","500"
"1646423079399","POST","333","500"
"1646423079446","POST","283","500"
"1646423079354","POST","365","500"
"1646423079298","POST","433","500"
"1646423079354","POST","380","500"
"1646423078488","POST","293","500"
"1646423079499","POST","218","500"
"1646423079499","POST","237","500"
"1646423078487","POST","286","500"
"1646423079452","POST","277","500"
"1646423079316","POST","414","500"
"1646423079298","POST","436","500"
"1646423079349","POST","386","500"
"1646423078488","POST","282","500"
"1646423078488","POST","281","500"
"1646423079454","POST","266","500"
"1646423079355","POST","380","500"
"1646423078488","POST","296","500"
"1646423079407","POST","327","500"
